ID,DataType,Survey_Year,Ethnicity,Nutrient,Estimate_of_daily_intake,Standard_error,Residual_Standard_Error
1,1,201819,1,1,26.36788505,0.2259632074,0.8569637155
2,1,201819,1,2,41.84402967,0.4014378052,0.9593669834
3,1,201819,1,3,83.25461092,0.7048489303,0.8466184905
4,1,201819,1,4,31.77144896,0.2667332986,0.8395377212
5,1,201819,1,5,32.69019739,0.2990451466,0.9147853807
6,1,201819,1,6,13.71588797,0.1947848401,1.420140209
7,1,201819,1,7,235.3415176,1.709252387,0.7262859542
8,1,201819,1,8,1962.78598,11.74412121,0.5983393669
9,1,201819,1,9,8.232774389,0.04919565582,0.5975586538
10,1,201819,1,10,883.6930527,9.157523825,1.036278807
11,1,201819,1,11,10.502489,0.08616223862,0.8203982753
12,1,201819,1,12,444.6739782,12.17029943,2.736903894
13,1,201819,1,13,2291.125962,50.74779709,2.214971936
14,1,201819,1,14,825.4760009,15.01011758,1.818359051
15,1,201819,1,15,1.547434025,0.01259968403,0.8142307735
16,1,201819,1,16,1.782942525,0.01846618053,1.03571373
17,1,201819,1,19,31.74593108,0.2315597152,0.7294154158
18,1,201819,1,20,73.33317448,0.813763645,1.109680101
19,1,201819,1,21,2.848800913,0.04210755181,1.478079834
20,1,201819,1,22,241.9813185,1.886655521,0.7796699071
21,1,201819,1,23,2.468011853,0.01837760463,0.7446319434
22,1,201819,1,24,128.1983078,1.23637452,0.9644234323
23,1,201819,1,25,16.60049233,0.1809222857,1.089860964
24,1,201819,1,26,15.62620504,0.173707617,1.111643016
25,1,201819,1,27,50.32828782,0.7002624693,1.391389415
26,1,201819,1,28,5.744877815,0.07623355469,1.326983047
27,1,201819,1,29,15.67648807,0.3252006305,2.074448238
28,1,201819,1,30,2.873422935,0.05593441113,1.946612538
29,1,201819,1,31,106.5572526,0.9891106007,0.9282433405
30,1,201819,1,32,66.06348738,0.8693742947,1.315967911
31,1,201819,1,33,7.999091082,0.2828776468,3.536372369
32,1,201819,1,34,17.25990899,0.1426964369,0.826750807
33,1,201819,1,35,12.99762515,0.09802533924,0.7541788453
34,1,201819,1,36,2.879676612,0.01905950629,0.6618627317
35,1,201819,1,37,265.509019,1.771729593,0.667295446
36,1,201819,1,38,1.100585104,0.009584072462,0.8708161163
37,1,201819,1,39,8.004272034,0.05570153077,0.6958975224
38,1,201819,1,40,1.80517216,0.01307353787,0.7242266502
39,1,201819,1,41,5.514022353,0.07378888327,1.338204283
40,1,201819,1,42,1186.246611,8.46028638,0.7131979391
41,1,201819,1,43,3.057278312,0.03290351459,1.076235502
42,1,201819,1,44,38.26805706,0.4184331353,1.093426653
43,1,201819,1,45,7.358231949,0.1374426115,1.867875495
44,1,201819,1,46,10.72749336,0.1385442025,1.29148719
45,1,201819,1,47,221.3343767,2.447752815,1.105907203
46,1,201819,2,1,26.08218953,1.94131015,7.443049011
47,1,201819,2,2,31.74046653,2.932589175,9.239275587
48,1,201819,2,3,67.51437741,4.943264441,7.321795194
49,1,201819,2,4,23.17154806,1.648804906,7.115644159
50,1,201819,2,5,26.72477921,2.055845005,7.692654778
51,1,201819,2,6,13.79303387,1.580167206,11.45627003
52,1,201819,2,7,202.374355,14.22217502,7.02765675
53,1,201819,2,8,1620.51085,87.90174981,5.424323435
54,1,201819,2,9,6.808470519,0.3703413605,5.439420784
55,1,201819,2,10,684.6498444,54.88475176,8.016470348
56,1,201819,2,11,8.631700313,0.5483275322,6.352485748
57,1,201819,2,12,463.8290455,112.7468226,24.30784008
58,1,201819,2,13,2149.013939,381.5971874,17.75685027
59,1,201819,2,14,817.7602361,130.3612807,15.94125942
60,1,201819,2,15,1.452460741,0.1414496207,9.738619204
61,1,201819,2,16,1.461611783,0.1398039466,9.565053336
62,1,201819,2,19,27.17712405,1.895053423,6.972972634
63,1,201819,2,20,72.87638827,8.160912961,11.19829502
64,1,201819,2,21,2.666435023,0.4563896632,17.11609918
65,1,201819,2,22,229.2134596,16.22511422,7.07860448
66,1,201819,2,23,2.141507579,0.1540196384,7.192112692
67,1,201819,2,24,120.2998313,11.58117196,9.626922858
68,1,201819,2,25,13.85803375,1.257680945,9.075464582
69,1,201819,2,26,13.87689897,1.258786716,9.071095192
70,1,201819,2,27,34.21534069,4.255130193,12.43632273
71,1,201819,2,28,4.820250374,1.177539137,24.42900359
72,1,201819,2,29,12.29593039,2.412712851,19.62204383
73,1,201819,2,30,2.437909657,0.6505421599,26.68442442
74,1,201819,2,31,81.24189382,6.829721702,8.406650043
75,1,201819,2,32,41.84862626,5.489781307,13.11818761
76,1,201819,2,33,3.358508436,1.105628478,32.92022335
77,1,201819,2,34,16.59656558,1.243245057,7.490977885
78,1,201819,2,35,12.53339529,0.8528422444,6.804558739
79,1,201819,2,36,2.64352976,0.1752247776,6.62843976
80,1,201819,2,37,249.1505472,15.9170335,6.388520387
81,1,201819,2,38,1.085865757,0.09153160805,8.429366843
82,1,201819,2,39,6.872589954,0.4376379553,6.367875258
83,1,201819,2,40,1.535466895,0.1041557306,6.783326356
84,1,201819,2,41,4.137000965,0.4818608084,11.64758753
85,1,201819,2,42,998.0908759,59.78615892,5.990051644
86,1,201819,2,43,2.684910258,0.2271390942,8.459839339
87,1,201819,2,44,43.43390615,5.268325869,12.12952354
88,1,201819,2,45,5.287842644,0.3550888476,6.715193161
89,1,201819,2,46,10.5396625,1.128974514,10.71167615
90,1,201819,2,47,192.9303678,27.84798649,14.43421625
91,1,201819,3,1,25.92824875,1.694206481,6.534210994
92,1,201819,3,2,31.70484998,1.830648695,5.774033613
93,1,201819,3,3,68.99610345,5.263707919,7.628993024
94,1,201819,3,4,24.7390941,1.549284659,6.262495516
95,1,201819,3,5,26.38418229,2.045742317,7.753669584
96,1,201819,3,6,13.83002611,2.054236578,14.85345408
97,1,201819,3,7,241.5270352,16.20285444,6.708505501
98,1,201819,3,8,1774.907095,87.86207121,4.950234942
99,1,201819,3,9,7.461217545,0.3691936487,4.948168934
100,1,201819,3,10,716.5355038,39.09855977,5.45661165
101,1,201819,3,11,8.735984624,0.4149955329,4.750415103
102,1,201819,3,12,300.1206438,29.4398247,9.809330117
103,1,201819,3,13,1778.102917,176.1970776,9.909273299
104,1,201819,3,14,597.5319014,43.2790904,7.242975697
105,1,201819,3,15,1.283067794,0.060972563,4.752092079
106,1,201819,3,16,1.471206353,0.08081848455,5.493347983
107,1,201819,3,19,24.3122512,1.015031837,4.174980872
108,1,201819,3,20,67.62685951,4.353912841,6.438141403
109,1,201819,3,21,2.316378985,0.2044629271,8.826833968
110,1,201819,3,22,196.8402863,7.110590301,3.612365352
111,1,201819,3,23,1.516550726,0.06733315363,4.439887995
112,1,201819,3,24,150.9188419,15.18790717,10.06362557
113,1,201819,3,25,14.15753135,0.7617369809,5.380436478
114,1,201819,3,26,13.88897365,0.7574687754,5.453741898
115,1,201819,3,27,40.98760717,3.553761385,8.670331427
116,1,201819,3,28,3.688112072,0.2333886288,6.328132775
117,1,201819,3,29,15.1026946,1.478627736,9.790489548
118,1,201819,3,30,2.612883101,0.2229964191,8.534496588
119,1,201819,3,31,90.17054071,4.614670552,5.117714184
120,1,201819,3,32,51.02122706,4.109490213,8.05447154
121,1,201819,3,33,2.608337521,0.5733545061,21.98160711
122,1,201819,3,34,16.10925123,0.8090872732,5.022500807
123,1,201819,3,35,11.92669776,0.6274744832,5.261091507
124,1,201819,3,36,2.339299341,0.08016866848,3.42703762
125,1,201819,3,37,223.5543179,8.679285894,3.88240584
126,1,201819,3,38,0.9250782728,0.04369498154,4.723382099
127,1,201819,3,39,6.954227375,0.3222944586,4.634511373
128,1,201819,3,40,1.40828793,0.05444656135,3.866152666
129,1,201819,3,41,4.646219893,0.4011396576,8.633677847
130,1,201819,3,42,950.4106581,39.2257921,4.127246655
131,1,201819,3,43,2.583824967,0.1666277128,6.448877726
132,1,201819,3,44,33.14054466,1.665241865,5.024787257
133,1,201819,3,45,5.381760867,0.2385441622,4.432455623
134,1,201819,3,46,10.70374878,1.383515258,12.92552065
135,1,201819,3,47,205.6936161,17.02243294,8.275625303
136,1,201819,4,1,20.8306801,2.692132475,12.9238818
137,1,201819,4,2,28.63515848,2.928868306,10.22822454
138,1,201819,4,3,109.0258689,29.76553762,27.30135325
139,1,201819,4,4,23.97976033,3.397374315,14.16767419
140,1,201819,4,5,47.36498612,12.39624265,26.17174344
141,1,201819,4,6,31.78165929,13.02256019,40.9750796
142,1,201819,4,7,218.7634813,32.21652055,14.72664466
143,1,201819,4,8,2012.103471,301.4955886,14.98409962
144,1,201819,4,9,8.437586771,1.253030733,14.85058189
145,1,201819,4,10,537.8930081,39.84276821,7.407192064
146,1,201819,4,11,7.687310704,0.5616547809,7.30625836
147,1,201819,4,12,226.6122542,25.92747133,11.44133684
148,1,201819,4,13,1532.079467,234.0364876,15.27574076
149,1,201819,4,14,480.9597884,47.63028435,9.903173926
150,1,201819,4,15,1.18371818,0.09199300357,7.771529163
151,1,201819,4,16,1.241334594,0.09203136869,7.413905092
152,1,201819,4,19,23.26898931,1.817120136,7.809192363
153,1,201819,4,20,61.57392873,6.656826544,10.81111224
154,1,201819,4,21,2.821948,0.3192254338,11.31223658
155,1,201819,4,22,179.745014,11.85700521,6.596569744
156,1,201819,4,23,1.304489583,0.06894305154,5.28505957
157,1,201819,4,24,139.7709435,30.63242406,21.91616033
158,1,201819,4,25,12.11551694,1.150369005,9.495005539
159,1,201819,4,26,12.02135881,1.156331173,9.618972297
160,1,201819,4,27,38.85945957,7.637561382,19.65431704
161,1,201819,4,28,2.799974088,0.2424963997,8.660665853
162,1,201819,4,29,11.3779221,1.675571815,14.72651861
163,1,201819,4,30,2.02514467,0.2898710539,14.31359736
164,1,201819,4,31,79.057701,8.400325379,10.62556244
165,1,201819,4,32,46.96076187,7.849399946,16.71480537
166,1,201819,4,33,1.879864405,0.5025280788,26.73214501
167,1,201819,4,34,13.24787744,1.174046577,8.862148537
168,1,201819,4,35,9.199130528,0.7147136661,7.76936107
169,1,201819,4,36,2.014078533,0.1407812039,6.989856733
170,1,201819,4,37,191.609692,14.5975712,7.618388741
171,1,201819,4,38,0.8022645936,0.08178700947,10.19451813
172,1,201819,4,39,6.262772207,0.6212520475,9.919761202
173,1,201819,4,40,1.41011942,0.1072816705,7.607984756
174,1,201819,4,41,3.657830473,0.3244339381,8.869572837
175,1,201819,4,42,730.1042156,42.37040348,5.803336369
176,1,201819,4,43,1.676983529,0.1260833197,7.518459035
177,1,201819,4,44,24.50552898,1.898204283,7.746024518
178,1,201819,4,45,4.506570077,0.2965756043,6.580960668
179,1,201819,4,46,23.15219774,8.705168894,37.59975183
180,1,201819,4,47,155.4416698,15.47943297,9.958354789
181,1,201819,10,1,22.7810421,2.006169109,8.80630965
182,1,201819,10,2,32.38664713,3.010033309,9.294056583
183,1,201819,10,3,69.32840587,5.971188444,8.612903136
184,1,201819,10,4,24.10541777,1.672531314,6.938404179
185,1,201819,10,5,28.37617735,3.060805782,10.78653317
186,1,201819,10,6,12.48951328,1.546707865,12.38405237
187,1,201819,10,7,215.8296344,20.98031885,9.720777644
188,1,201819,10,8,1668.436597,110.0248712,6.594489201
189,1,201819,10,9,7.01735987,0.4677856635,6.66612048
190,1,201819,10,10,616.0677586,41.55007221,6.744399724
191,1,201819,10,11,8.496593921,0.6842491295,8.053216805
192,1,201819,10,12,392.7181129,98.34500121,25.04213531
193,1,201819,10,13,1954.495745,428.4154476,21.91948735
194,1,201819,10,14,724.5801305,123.2232674,17.00616153
195,1,201819,10,15,1.261017995,0.09093519478,7.211252743
196,1,201819,10,16,1.296601329,0.09741252533,7.512912658
197,1,201819,10,19,25.34666563,1.848578757,7.293183191
198,1,201819,10,20,65.09239211,6.093049715,9.360617297
199,1,201819,10,21,2.764393302,0.3796152768,13.73231792
200,1,201819,10,22,191.5938756,13.60900194,7.103046432
201,1,201819,10,23,1.671226112,0.09749989246,5.834033573
202,1,201819,10,24,127.9636549,19.35696554,15.12692457
203,1,201819,10,25,14.99868079,1.444709128,9.632241317
204,1,201819,10,26,14.93150917,1.410314722,9.44522557
205,1,201819,10,27,42.69048151,4.036598025,9.455498935
206,1,201819,10,28,3.987996755,0.3877293207,9.722408128
207,1,201819,10,29,8.745207241,1.110727012,12.70097988
208,1,201819,10,30,2.330886927,0.2626133023,11.26666846
209,1,201819,10,31,87.58653833,6.186065231,7.062803656
210,1,201819,10,32,54.6818666,5.686443739,10.39913977
211,1,201819,10,33,2.102132028,0.6678825753,31.77167592
212,1,201819,10,34,14.79502671,1.070888356,7.2381644
213,1,201819,10,35,10.55036298,0.7047527505,6.679891031
214,1,201819,10,36,2.096067068,0.1065002608,5.080956732
215,1,201819,10,37,204.1142957,12.26207879,6.007457121
216,1,201819,10,38,0.932273056,0.08863628778,9.5075458
217,1,201819,10,39,6.532960043,0.4699011392,7.192775343
218,1,201819,10,40,1.328149541,0.0914842506,6.888098651
219,1,201819,10,41,4.149964404,0.4527736741,10.91030259
220,1,201819,10,42,854.4878584,45.09797401,5.277778212
221,1,201819,10,43,2.209052911,0.1839286585,8.326131873
222,1,201819,10,44,32.09897187,2.674568973,8.332257443
223,1,201819,10,45,4.737048497,0.3558039758,7.511089997
224,1,201819,10,46,9.488888757,1.040242508,10.96274322
225,1,201819,10,47,203.7790432,23.04298721,11.30782972
226,2,201819,1,1,26.17263882,0.2257403838,0.8625052496
227,2,201819,1,2,41.84076709,0.4014375063,0.9594410767
228,2,201819,1,3,83.2276614,0.7048375552,0.8468789622
229,2,201819,1,4,31.75548083,0.2667225994,0.8399261875
230,2,201819,1,5,32.68236157,0.2990428653,0.9149977264
231,2,201819,1,6,13.71476828,0.1947847801,1.420255713
232,2,201819,1,7,234.1682895,1.708209459,0.7294794108
233,2,201819,1,8,1898.869586,11.53016473,0.6072120387
234,2,201819,1,9,7.966595482,0.04830946062,0.6064003216
235,2,201819,1,10,876.2916614,9.152827406,1.04449555
236,2,201819,1,11,10.19158133,0.08466273239,0.8307124248
237,2,201819,1,12,444.3552754,12.17020536,2.738845701
238,2,201819,1,13,2290.898665,50.74778933,2.215191361
239,2,201819,1,14,825.1184797,15.01003136,1.819136492
240,2,201819,1,15,1.545731571,0.01259815127,0.8150283988
241,2,201819,1,16,1.766026581,0.01844963001,1.044697187
242,2,201819,1,19,31.43851539,0.2308765275,0.7343747778
243,2,201819,1,20,73.24553529,0.8135804683,1.110757762
244,2,201819,1,21,2.848676281,0.04210754765,1.478144356
245,2,201819,1,22,239.2216888,1.880859773,0.7862413237
246,2,201819,1,23,2.461215846,0.01837541337,0.7465990191
247,2,201819,1,24,128.1983078,1.23637452,0.9644234323
248,2,201819,1,25,16.3465713,0.1804358792,1.103814836
249,2,201819,1,26,15.37382202,0.1732524922,1.12693182
250,2,201819,1,27,50.11217918,0.7000357462,1.396937347
251,2,201819,1,28,5.32654532,0.06860737375,1.288027598
252,2,201819,1,29,15.67524175,0.3252005767,2.074612832
253,2,201819,1,30,2.842376279,0.0559131642,1.967127457
254,2,201819,1,31,105.3840245,0.9873072537,0.9368661509
255,2,201819,1,32,64.89275194,0.8673282703,1.336556463
256,2,201819,1,33,0.01281734715,0.001175167679,9.168571824
257,2,201819,1,34,17.25962809,0.1426964261,0.8267641999
258,2,201819,1,35,12.99706336,0.09802527677,0.7542109634
259,2,201819,1,36,2.820640881,0.01890498419,0.6702371904
260,2,201819,1,37,257.9746396,1.744834591,0.6763589607
261,2,201819,1,38,1.083754311,0.009541051503,0.8803703389
262,2,201819,1,39,7.97936931,0.05568236012,0.6978290884
263,2,201819,1,40,1.762933105,0.01290801956,0.7321899807
264,2,201819,1,41,5.512988258,0.07378871993,1.338452332
265,2,201819,1,42,1173.349994,8.437518051,0.7190964411
266,2,201819,1,43,3.012032613,0.03283159375,1.090014551
267,2,201819,1,44,37.13420184,0.4159670902,1.120172427
268,2,201819,1,45,6.051414986,0.05041522807,0.8331147044
269,2,201819,1,46,10.72570631,0.1385440259,1.291700723
270,2,201819,1,47,221.1013028,2.447502662,1.106959855
271,2,201819,2,1,26.0515661,1.941270368,7.451645556
272,2,201819,2,2,31.74046653,2.932589175,9.239275587
273,2,201819,2,3,67.51437741,4.943264441,7.321795194
274,2,201819,2,4,23.17154806,1.648804906,7.115644159
275,2,201819,2,5,26.72477921,2.055845005,7.692654778
276,2,201819,2,6,13.79303387,1.580167206,11.45627003
277,2,201819,2,7,201.8148628,14.22007705,7.046100001
278,2,201819,2,8,1593.252437,87.4519268,5.488893335
279,2,201819,2,9,6.694828217,0.3684841746,5.50401239
280,2,201819,2,10,681.4326324,54.87360084,8.052681693
281,2,201819,2,11,8.420337695,0.5429607182,6.448205973
282,2,201819,2,12,463.8290455,112.7468226,24.30784008
283,2,201819,2,13,2149.013939,381.5971874,17.75685027
284,2,201819,2,14,817.7602361,130.3612807,15.94125942
285,2,201819,2,15,1.452447952,0.1414496201,9.738704915
286,2,201819,2,16,1.458185695,0.139797064,9.587054959
287,2,201819,2,19,27.14403312,1.894988399,6.98123374
288,2,201819,2,20,72.87638827,8.160912961,11.19829502
289,2,201819,2,21,2.666435023,0.4563896632,17.11609918
290,2,201819,2,22,228.4276096,16.22078606,7.101061946
291,2,201819,2,23,2.139152841,0.1540174455,7.199927116
292,2,201819,2,24,120.2998313,11.58117196,9.626922858
293,2,201819,2,25,13.69921519,1.256160266,9.16957832
294,2,201819,2,26,13.7231633,1.25749026,9.163268211
295,2,201819,2,27,34.10859778,4.25466683,12.47388373
296,2,201819,2,28,4.69364996,1.175338394,25.04103212
297,2,201819,2,29,12.29593039,2.412712851,19.62204383
298,2,201819,2,30,2.424315004,0.6505098673,26.83272867
299,2,201819,2,31,80.68240161,6.825351827,8.459529824
300,2,201819,2,32,41.28913406,5.484343883,13.28277768
301,2,201819,2,33,0.005781248023,0.005614154748,97.10973695
302,2,201819,2,34,16.59656558,1.243245057,7.490977885
303,2,201819,2,35,12.53339529,0.8528422444,6.804558739
304,2,201819,2,36,2.614859001,0.1749377735,6.690141741
305,2,201819,2,37,246.5532702,15.88953567,6.444666364
306,2,201819,2,38,1.074192202,0.09142270583,8.510833134
307,2,201819,2,39,6.865843786,0.4376259779,6.373957688
308,2,201819,2,40,1.52729849,0.1041172265,6.817084361
309,2,201819,2,41,4.137000965,0.4818608084,11.64758753
310,2,201819,2,42,995.3274333,59.77812916,6.00587577
311,2,201819,2,43,2.66287479,0.2269288563,8.521949931
312,2,201819,2,44,42.97773193,5.265984218,12.2528202
313,2,201819,2,45,5.251179095,0.3543505,6.748017798
314,2,201819,2,46,10.5396625,1.128974514,10.71167615
315,2,201819,2,47,192.9303678,27.84798649,14.43421625
316,2,201819,3,1,25.85516292,1.694017812,6.5519518
317,2,201819,3,2,31.70384745,1.830648517,5.774215638
318,2,201819,3,3,68.98790866,5.263703796,7.629893264
319,2,201819,3,4,24.73420464,1.549279672,6.263713325
320,2,201819,3,5,26.38179175,2.045741414,7.754368748
321,2,201819,3,6,13.82971658,2.054236563,14.85378642
322,2,201819,3,7,241.3866245,16.20279861,6.712384602
323,2,201819,3,8,1755.384484,87.75990164,4.999468916
324,2,201819,3,9,7.380108417,0.3687741081,4.996865727
325,2,201819,3,10,714.6829529,39.09528387,5.470297523
326,2,201819,3,11,8.685963667,0.4145445027,4.772579286
327,2,201819,3,12,300.0227121,29.43971942,9.812496931
328,2,201819,3,13,1778.067598,176.1970753,9.909470004
329,2,201819,3,14,597.4280835,43.27900992,7.244220871
330,2,201819,3,15,1.283027669,0.06097255774,4.752240283
331,2,201819,3,16,1.46575515,0.08079966365,5.512493927
332,2,201819,3,19,24.18379458,1.013952049,4.192692117
333,2,201819,3,20,67.62685951,4.353912841,6.438141403
334,2,201819,3,21,2.316340688,0.2044629248,8.826979807
335,2,201819,3,22,195.8427948,7.102021983,3.626389212
336,2,201819,3,23,1.514439908,0.06733015628,4.445878368
337,2,201819,3,24,150.9188419,15.18790717,10.06362557
338,2,201819,3,25,14.12159816,0.7616573813,5.393563621
339,2,201819,3,26,13.85438912,0.757378491,5.466704339
340,2,201819,3,27,40.95245269,3.553698698,8.677621155
341,2,201819,3,28,3.662735369,0.2330796353,6.363540137
342,2,201819,3,29,15.10231162,1.478627704,9.790737609
343,2,201819,3,30,2.603962563,0.222980611,8.563126603
344,2,201819,3,31,90.03012995,4.614474509,5.125478006
345,2,201819,3,32,50.88158224,4.109273637,8.07615144
346,2,201819,3,33,0.008405704992,0.003992532518,47.49789009
347,2,201819,3,34,16.10925123,0.8090872732,5.022500807
348,2,201819,3,35,11.92669776,0.6274744832,5.261091507
349,2,201819,3,36,2.324190787,0.08006242238,3.444743987
350,2,201819,3,37,221.2967662,8.653700533,3.910450515
351,2,201819,3,38,0.9226616526,0.04368577536,4.734755719
352,2,201819,3,39,6.95155185,0.3222927244,4.636270165
353,2,201819,3,40,1.393387816,0.05421332694,3.890756493
354,2,201819,3,41,4.645902134,0.4011395762,8.6342666
355,2,201819,3,42,945.6302324,39.19317312,4.1446616
356,2,201819,3,43,2.574846686,0.1666005268,6.47030861
357,2,201819,3,44,32.82220262,1.662792944,5.066061419
358,2,201819,3,45,5.330929815,0.2355255058,4.418094291
359,2,201819,3,46,10.70332912,1.383515217,12.92602705
360,2,201819,3,47,205.6219967,17.02233557,8.278460396
361,2,201819,4,1,20.76182357,2.691933006,12.96578307
362,2,201819,4,2,28.63276199,2.928867722,10.22907857
363,2,201819,4,3,109.0057811,29.76553377,27.30638088
364,2,201819,4,4,23.96797265,3.39736234,14.17459202
365,2,201819,4,5,47.35917193,12.39624186,26.17495483
366,2,201819,4,6,31.78071988,13.02256018,40.97629074
367,2,201819,4,7,218.5144247,32.21637335,14.74336232
368,2,201819,4,8,1996.79787,301.4685641,15.09760045
369,2,201819,4,9,8.373902043,1.252918282,14.96217983
370,2,201819,4,10,536.1516167,39.83794375,7.430350392
371,2,201819,4,11,7.648495303,0.5614491352,7.340648231
372,2,201819,4,12,226.3781549,25.92684191,11.45289037
373,2,201819,4,13,1531.795557,234.0363947,15.27856596
374,2,201819,4,14,480.6767089,47.62988669,9.908923359
375,2,201819,4,15,1.181991022,0.09197846946,7.78165551
376,2,201819,4,16,1.236274856,0.09200442529,7.442068795
377,2,201819,4,19,23.15175312,1.816108416,7.844366717
378,2,201819,4,20,61.41833195,6.655032187,10.8355795
379,2,201819,4,21,2.821856453,0.319225426,11.31260329
380,2,201819,4,22,178.7467061,11.84744054,6.6280609
381,2,201819,4,23,1.302541185,0.06893828166,5.292598993
382,2,201819,4,24,139.7709435,30.63242406,21.91616033
383,2,201819,4,25,12.06092406,1.150172762,9.536356883
384,2,201819,4,26,11.96751997,1.156116738,9.660453802
385,2,201819,4,27,38.75021448,7.637334101,19.7091402
386,2,201819,4,28,2.77608483,0.2422266631,8.72547771
387,2,201819,4,29,11.37700662,1.675571666,14.7277023
388,2,201819,4,30,2.01870905,0.2898598298,14.35867292
389,2,201819,4,31,78.80864433,8.399760806,10.65842571
390,2,201819,4,32,46.71353615,7.84880558,16.80199408
391,2,201819,4,33,0,0,-1
392,2,201819,4,34,13.24737873,1.174046472,8.86248137
393,2,201819,4,35,9.198133113,0.7147129794,7.770196089
394,2,201819,4,36,2.000631735,0.1406986123,7.032709212
395,2,201819,4,37,189.546769,14.57413428,7.688938387
396,2,201819,4,38,0.8007543507,0.08178535616,10.21353878
397,2,201819,4,39,6.2602279,0.6212515046,9.923784159
398,2,201819,4,40,1.396626138,0.1070852618,7.66742501
399,2,201819,4,41,3.657070891,0.3244334085,8.871400586
400,2,201819,4,42,725.7905096,42.32044129,5.830944429
401,2,201819,4,43,1.668133582,0.1260486051,7.556265665
402,2,201819,4,44,24.22220333,1.895009617,7.823440301
403,2,201819,4,45,4.424896062,0.2928740975,6.618779141
404,2,201819,4,46,23.15044652,8.705168828,37.60259579
405,2,201819,4,47,155.2704682,15.47886912,9.968971753
406,2,201819,10,1,22.76503134,2.006148522,8.812412738
407,2,201819,10,2,32.38235231,3.010031805,9.295284594
408,2,201819,10,3,69.2932996,5.971137793,8.617193621
409,2,201819,10,4,24.08447145,1.672466937,6.944171231
410,2,201819,10,5,28.36593632,3.060797373,10.79039782
411,2,201819,10,6,12.48818724,1.546707586,12.38536512
412,2,201819,10,7,215.4355852,20.97985037,9.738340281
413,2,201819,10,8,1651.517882,109.9021044,6.65461183
414,2,201819,10,9,6.946940161,0.4672864886,6.726508042
415,2,201819,10,10,614.800659,41.54772538,6.757918161
416,2,201819,10,11,8.424268319,0.6836889815,8.115707568
417,2,201819,10,12,392.2985761,98.344562,25.06880422
418,2,201819,10,13,1954.344441,428.4154345,21.92118367
419,2,201819,10,14,724.1353773,123.2228735,17.01655206
420,2,201819,10,15,1.260808888,0.09093507826,7.2124395
421,2,201819,10,16,1.294611774,0.09740792515,7.524103139
422,2,201819,10,19,25.3263114,1.848530169,7.29885272
423,2,201819,10,20,65.09239211,6.093049715,9.360617297
424,2,201819,10,21,2.764229237,0.3796152594,13.73313234
425,2,201819,10,22,191.2663021,13.60813583,7.11475868
426,2,201819,10,23,1.670008254,0.09749912438,5.838242064
427,2,201819,10,24,127.9636549,19.35696554,15.12692457
428,2,201819,10,25,14.92477994,1.444455216,9.678234597
429,2,201819,10,26,14.86103899,1.410083727,9.488459912
430,2,201819,10,27,42.54755633,4.035851457,9.485507052
431,2,201819,10,28,3.887905189,0.3826762454,9.842736044
432,2,201819,10,29,8.743566592,1.110726417,12.7033563
433,2,201819,10,30,2.326116157,0.2626019961,11.28928989
434,2,201819,10,31,87.19248911,6.184476186,7.092900143
435,2,201819,10,32,54.29109869,5.684750981,10.47087113
436,2,201819,10,33,0.0162083072,0.009054124455,55.86101215
437,2,201819,10,34,14.79502671,1.070888356,7.2381644
438,2,201819,10,35,10.55036298,0.7047527505,6.679891031
439,2,201819,10,36,2.085893724,0.1064362332,5.102668076
440,2,201819,10,37,203.105845,12.25600778,6.034295953
441,2,201819,10,38,0.928008212,0.08862161876,9.549658894
442,2,201819,10,39,6.527672039,0.4698932322,7.198481011
443,2,201819,10,40,1.323985468,0.09146011886,6.907939782
444,2,201819,10,41,4.148603134,0.4527726697,10.91385835
445,2,201819,10,42,853.1476386,45.09487983,5.285706459
446,2,201819,10,43,2.201062368,0.1838927851,8.354728504
447,2,201819,10,44,31.91672267,2.673834081,8.377533332
448,2,201819,10,45,4.490712205,0.2612818669,5.818272358
449,2,201819,10,46,9.487090955,1.040241746,10.96481262
450,2,201819,10,47,203.4722274,23.04198467,11.32438808
451,3,201819,1,1,9.220532459,0.2736238409,2.967549241
452,3,201819,1,3,11.0682768,0.3420296693,3.09017994
453,3,201819,1,4,3.37081654,0.09304888678,2.760425721
454,3,201819,1,5,4.62665549,0.1528495303,3.30367218
455,3,201819,1,6,2.293579715,0.07498014357,3.26913179
456,3,201819,1,7,24.6462589,0.5971360312,2.422826254
457,3,201819,1,8,248.8504406,6.409946991,2.575823043
458,3,201819,1,9,1.042543222,0.02681635106,2.572205209
459,3,201819,1,10,72.48892505,1.691109941,2.332921808
460,3,201819,1,11,1.266111232,0.03679803419,2.906382415
461,3,201819,1,12,44.45956288,1.974885254,4.441980817
462,3,201819,1,13,347.8651031,17.99474704,5.172909521
463,3,201819,1,14,102.4369989,4.629298331,4.5191663
464,3,201819,1,15,0.2034490953,0.007482646365,3.677896112
465,3,201819,1,16,0.1446742155,0.003912919774,2.704642124
466,3,201819,1,19,4.417818083,0.1205422943,2.728548166
467,3,201819,1,20,8.962337526,0.3521966433,3.9297409
468,3,201819,1,21,0.3545863923,0.01011797376,2.853457996
469,3,201819,1,22,39.69023184,1.361657917,3.430712934
470,3,201819,1,23,0.3230954821,0.009522199326,2.947178111
471,3,201819,1,24,15.90382112,0.4982285825,3.132760226
472,3,201819,1,25,2.120929937,0.04710120613,2.220780861
473,3,201819,1,26,1.56363476,0.04006357885,2.562208252
474,3,201819,1,27,3.467361754,0.06690464297,1.929554737
475,3,201819,1,28,0.915753419,0.03156228479,3.446592078
476,3,201819,1,29,0.4686025175,0.01404187973,2.99654381
477,3,201819,1,30,0.1995123584,0.0081719627,4.095968172
478,3,201819,1,31,8.740419282,0.160373529,1.83484938
479,3,201819,1,32,6.414241629,0.1350739143,2.105843872
480,3,201819,1,33,2.857299973,0.09972715403,3.490258459
481,3,201819,1,34,2.015453074,0.08464334437,4.199717941
482,3,201819,1,35,1.653551774,0.06317442762,3.820529154
483,3,201819,1,36,0.3737124625,0.01191649752,3.188680794
484,3,201819,1,37,28.93222881,0.7735283158,2.673587026
485,3,201819,1,38,0.1255723793,0.003946319603,3.14266531
486,3,201819,1,39,1.041858536,0.03289149055,3.157001589
487,3,201819,1,40,0.3338795186,0.01113576543,3.33526461
488,3,201819,1,41,0.5828822691,0.01930642224,3.312233579
489,3,201819,1,42,149.6693124,4.109239684,2.745545908
490,3,201819,1,43,0.2356090676,0.006535363106,2.773816463
491,3,201819,1,44,3.752282686,0.09436486395,2.514865533
492,3,201819,1,45,0.6595212637,0.02123236636,3.219360394
493,3,201819,1,46,1.621863177,0.04923886181,3.035944247
494,3,201819,1,47,37.0474679,1.163376169,3.140231264
495,3,201819,2,1,6.165059463,1.066300811,17.29587229
496,3,201819,2,3,8.447936749,1.394221927,16.50369751
497,3,201819,2,4,2.93229232,0.4444759414,15.15796833
498,3,201819,2,5,3.339878911,0.6038413176,18.07973684
499,3,201819,2,6,1.534751165,0.2904517581,18.92500653
500,3,201819,2,7,16.79346333,2.41677471,14.39116317
501,3,201819,2,8,173.8006897,25.22969091,14.5164504
502,3,201819,2,9,0.7276164864,0.1054964094,14.49890311
503,3,201819,2,10,57.81243247,8.116711686,14.03973391
504,3,201819,2,11,0.8768930726,0.1430176129,16.30958407
505,3,201819,2,12,92.22899091,59.17832484,64.16455852
506,3,201819,2,13,176.1588669,64.78590034,36.77697381
507,3,201819,2,14,121.5887434,61.12743507,50.27392617
508,3,201819,2,15,0.1168040305,0.02701338565,23.12710061
509,3,201819,2,16,0.1262204428,0.02403196401,19.03967652
510,3,201819,2,19,2.766446567,0.4649298368,16.80602988
511,3,201819,2,20,5.211626189,1.284283094,24.64265561
512,3,201819,2,21,0.3086411554,0.05934474465,19.22774834
513,3,201819,2,22,22.85356703,5.043565037,22.06904958
514,3,201819,2,23,0.2439279513,0.04110702778,16.85211866
515,3,201819,2,24,8.890394506,1.803836379,20.28972255
516,3,201819,2,25,1.615853917,0.3154507134,19.52222971
517,3,201819,2,26,1.392264226,0.3001429288,21.55789995
518,3,201819,2,27,3.830895672,0.6581438414,17.17989467
519,3,201819,2,28,0.3023757107,0.06039079234,19.97210431
520,3,201819,2,29,0.5897472811,0.1313322183,22.26923677
521,3,201819,2,30,0.1709720108,0.04509355241,26.3748155
522,3,201819,2,31,7.903203028,1.212704224,15.34446502
523,3,201819,2,32,6.065927433,1.117180797,18.41731226
524,3,201819,2,33,1.452228141,0.5239724224,36.08058593
525,3,201819,2,34,1.203159242,0.3085841399,25.64782194
526,3,201819,2,35,0.9921203906,0.2281891067,23.00014281
527,3,201819,2,36,0.220817514,0.04359558995,19.7428135
528,3,201819,2,37,17.66943574,2.872976921,16.25958499
529,3,201819,2,38,0.08355177594,0.01519045076,18.18088316
530,3,201819,2,39,0.6804174954,0.1272669703,18.70424719
531,3,201819,2,40,0.168357436,0.03974095202,23.60510647
532,3,201819,2,41,0.6164107858,0.2599773157,42.17598422
533,3,201819,2,42,102.2458428,16.06411261,15.71126236
534,3,201819,2,43,0.1509698259,0.02442019968,16.17555001
535,3,201819,2,44,3.116681248,0.5119893108,16.42738766
536,3,201819,2,45,0.4632209376,0.08668676468,18.7139133
537,3,201819,2,46,0.9829720531,0.1857362087,18.89537024
538,3,201819,2,47,32.79388747,7.714777935,23.52504851
539,3,201819,3,1,8.651136766,1.242967284,14.36767581
540,3,201819,3,3,10.23002167,1.554107509,15.19163458
541,3,201819,3,4,2.935837227,0.4224903167,14.390795
542,3,201819,3,5,4.32073753,0.6923661915,16.02425944
543,3,201819,3,6,2.268401704,0.3396150599,14.97155726
544,3,201819,3,7,21.25373725,2.68166955,12.61740238
545,3,201819,3,8,212.3590402,28.94978519,13.63247129
546,3,201819,3,9,0.889778614,0.1211113711,13.61140503
547,3,201819,3,10,64.13483635,7.770813455,12.11636904
548,3,201819,3,11,1.148529242,0.1636767705,14.25098853
549,3,201819,3,12,36.52614482,6.702499529,18.34986846
550,3,201819,3,13,359.8866904,82.60997786,22.95444096
551,3,201819,3,14,96.50722308,20.41247442,21.15124005
552,3,201819,3,15,0.2046519272,0.03479177009,17.00046052
553,3,201819,3,16,0.1282538057,0.01805961715,14.08115499
554,3,201819,3,19,3.975101429,0.547352962,13.76953448
555,3,201819,3,20,8.660711618,1.530156957,17.66779711
556,3,201819,3,21,0.2953059156,0.04220830032,14.29307646
557,3,201819,3,22,37.29581664,6.25797999,16.77930812
558,3,201819,3,23,0.2925969574,0.04262718122,14.56856612
559,3,201819,3,24,15.28444282,2.243246229,14.67666342
560,3,201819,3,25,1.466360733,0.2070463459,14.11974156
561,3,201819,3,26,1.093665196,0.1674147063,15.30767431
562,3,201819,3,27,2.30868947,0.2721595044,11.78848468
563,3,201819,3,28,0.4582942729,0.1173452956,25.60479206
564,3,201819,3,29,0.4010293527,0.09480425213,23.6402277
565,3,201819,3,30,0.2366265796,0.04389822775,18.55168925
566,3,201819,3,31,5.967442962,0.6976205557,11.69044363
567,3,201819,3,32,3.748408643,0.5631693829,15.02422592
568,3,201819,3,33,0.852791105,0.3378790144,39.62037273
569,3,201819,3,34,2.063674082,0.3907263961,18.93353216
570,3,201819,3,35,1.700717917,0.2902260254,17.06491256
571,3,201819,3,36,0.3402017689,0.05465413582,16.06521212
572,3,201819,3,37,24.5868571,3.517852552,14.30785781
573,3,201819,3,38,0.1131835651,0.01789869763,15.81386627
574,3,201819,3,39,0.947997894,0.1496780055,15.78885422
575,3,201819,3,40,0.3100734846,0.05096997248,16.43803002
576,3,201819,3,41,0.4891461457,0.08316901185,17.00289629
577,3,201819,3,42,131.1756188,18.60126176,14.18042616
578,3,201819,3,43,0.2188894008,0.02961109951,13.52788184
579,3,201819,3,44,2.984869353,0.4172920794,13.98024604
580,3,201819,3,45,0.6160759496,0.09708227613,15.75816686
581,3,201819,3,46,1.613712826,0.2251768824,13.95396249
582,3,201819,3,47,32.68823903,5.109439708,15.63081971
583,3,201819,4,1,6.109734927,1.208083705,19.77309522
584,3,201819,4,3,7.355040433,1.494926033,20.32519123
585,3,201819,4,4,2.132713936,0.4088322547,19.16957768
586,3,201819,4,5,3.155310281,0.6690348174,21.20345569
587,3,201819,4,6,1.577505591,0.3296421425,20.89641675
588,3,201819,4,7,15.34020314,2.557242752,16.67020136
589,3,201819,4,8,153.4787969,27.80767971,18.11825495
590,3,201819,4,9,0.6431138883,0.1163306394,18.08865296
591,3,201819,4,10,45.16636783,7.562519859,16.74369718
592,3,201819,4,11,0.7312948742,0.1538277876,21.0349878
593,3,201819,4,12,24.70647392,6.518457363,26.38360045
594,3,201819,4,13,212.5677693,78.08235238,36.73292177
595,3,201819,4,14,60.13441445,19.36392928,32.2010773
596,3,201819,4,15,0.1355936103,0.03277466778,24.17124797
597,3,201819,4,16,0.08481851415,0.01695119967,19.98525892
598,3,201819,4,19,2.799574622,0.5339214465,19.07152045
599,3,201819,4,20,5.396034871,1.450322272,26.87755559
600,3,201819,4,21,0.2469866578,0.06577248147,26.62997348
601,3,201819,4,22,24.61270919,5.96021773,24.21601655
602,3,201819,4,23,0.2031907843,0.04139691001,20.37341907
603,3,201819,4,24,10.85879766,2.164889362,19.93673177
604,3,201819,4,25,1.105708578,0.1719021134,15.54678301
605,3,201819,4,26,0.8205676935,0.1352163755,16.47839374
606,3,201819,4,27,1.761818865,0.2295677643,13.030157
607,3,201819,4,28,0.3313250272,0.1075314705,32.45497974
608,3,201819,4,29,0.3143425388,0.07554717501,24.03339214
609,3,201819,4,30,0.1441891623,0.03780415351,26.21844312
610,3,201819,4,31,4.479554417,0.5808177076,12.96597057
611,3,201819,4,32,2.953901223,0.441007137,14.92965078
612,3,201819,4,33,0.759534236,0.3300701633,43.4569171
613,3,201819,4,34,1.328442351,0.3700800902,27.85819723
614,3,201819,4,35,1.044736662,0.2741025213,26.2365179
615,3,201819,4,36,0.230133602,0.05211495798,22.6455231
616,3,201819,4,37,16.95472006,3.355288699,19.78970274
617,3,201819,4,38,0.07757050057,0.0172941677,22.29477387
618,3,201819,4,39,0.6917982836,0.1469591211,21.24305951
619,3,201819,4,40,0.2138540924,0.0489277675,22.87904194
620,3,201819,4,41,0.3701523953,0.08492498004,22.94324746
621,3,201819,4,42,99.49051208,18.32863141,18.42249178
622,3,201819,4,43,0.1401204555,0.02795377731,19.94981903
623,3,201819,4,44,1.980198646,0.4014074279,20.2710687
624,3,201819,4,45,0.4285686157,0.09310941441,21.72567262
625,3,201819,4,46,1.140100722,0.2212341162,19.40478696
626,3,201819,4,47,21.43761177,4.880482541,22.76598062
627,3,201819,10,1,9.520264903,2.485404628,26.10646503
628,3,201819,10,3,11.75506336,3.124177417,26.57729119
629,3,201819,10,4,3.350946631,0.8435202721,25.17259643
630,3,201819,10,5,5.132953037,1.396659895,27.20967608
631,3,201819,10,6,2.474997715,0.6796409782,27.46026689
632,3,201819,10,7,23.60064866,5.305389932,22.47984794
633,3,201819,10,8,242.8270631,58.02209452,23.8944102
634,3,201819,10,9,1.016561899,0.24270533,23.87511574
635,3,201819,10,10,66.09701896,14.71401597,22.26123992
636,3,201819,10,11,1.232327373,0.3265043334,26.49493475
637,3,201819,10,12,44.40357885,13.58673592,30.59829021
638,3,201819,10,13,461.7348376,167.1933681,36.20982315
639,3,201819,10,14,121.3593249,41.28767625,34.02101674
640,3,201819,10,15,0.2339504965,0.06903496455,29.5083642
641,3,201819,10,16,0.1351092125,0.03478514848,25.74594865
642,3,201819,10,19,4.278349534,1.080670993,25.25906273
643,3,201819,10,20,9.787664732,3.041878755,31.07869792
644,3,201819,10,21,0.3324583041,0.08329706256,25.05489005
645,3,201819,10,22,42.28702196,12.41901983,29.36839545
646,3,201819,10,23,0.3322609497,0.08581364449,25.8271833
647,3,201819,10,24,16.56732795,4.485494791,27.07434056
648,3,201819,10,25,1.810393039,0.3093604617,17.08802758
649,3,201819,10,26,1.391007837,0.2500725181,17.97779362
650,3,201819,10,27,2.943948844,0.4662946954,15.83908961
651,3,201819,10,28,0.3197113667,0.06865417839,21.47379966
652,3,201819,10,29,0.3323257912,0.06229609282,18.74548845
653,3,201819,10,30,0.2323652337,0.06585135922,28.33959201
654,3,201819,10,31,7.033479881,1.103262463,15.68586932
655,3,201819,10,32,4.645745705,0.7996948303,17.21348694
656,3,201819,10,33,1.486993827,0.5584274174,37.55411806
657,3,201819,10,34,2.420018917,0.7837063823,32.38430811
658,3,201819,10,35,1.859760004,0.5819079943,31.28941332
659,3,201819,10,36,0.3818776582,0.1092386671,28.60567116
660,3,201819,10,37,26.80102256,6.955594837,25.95272184
661,3,201819,10,38,0.125804893,0.03591538097,28.54847702
662,3,201819,10,39,1.09207209,0.3008346486,27.54714192
663,3,201819,10,40,0.3397259652,0.1008771316,29.69367723
664,3,201819,10,41,0.5859102033,0.1675510182,28.59670599
665,3,201819,10,42,151.5210297,37.3087655,24.62282996
666,3,201819,10,43,0.2252765872,0.05853249145,25.98250097
667,3,201819,10,44,3.363936322,0.8382821003,24.91967802
668,3,201819,10,45,0.6995897351,0.1953937012,27.92975531
669,3,201819,10,46,1.651688213,0.4421397659,26.76896052
670,3,201819,10,47,39.03367756,10.84389893,27.78087951
671,4,201819,1,1,9.09125358,0.2735626244,3.009074843
672,4,201819,1,3,11.06700419,0.3420296382,3.090535001
673,4,201819,1,4,3.370568227,0.09304888242,2.760628955
674,4,201819,1,5,4.626407177,0.1528495276,3.303849441
675,4,201819,1,6,2.293083088,0.07498012192,3.26983886
676,4,201819,1,7,23.01827087,0.5941803451,2.581342223
677,4,201819,1,8,222.2995191,6.342821948,2.853277404
678,4,201819,1,9,0.9318451314,0.026537167,2.847808729
679,4,201819,1,10,68.15054423,1.683435102,2.470171179
680,4,201819,1,11,1.159147165,0.03630431903,3.131985319
681,4,201819,1,12,44.45956288,1.974885254,4.441980817
682,4,201819,1,13,347.6501259,17.99473013,5.176103442
683,4,201819,1,14,102.4011797,4.629296507,4.520745289
684,4,201819,1,15,0.2024248033,0.007481723428,3.696050735
685,4,201819,1,16,0.1295474681,0.003838431485,2.962953688
686,4,201819,1,19,4.034031885,0.1190363454,2.950803286
687,4,201819,1,20,8.5323832,0.3487248149,4.087073995
688,4,201819,1,21,0.3545863923,0.01011797376,2.853457996
689,4,201819,1,22,35.60985987,1.346428714,3.781055917
690,4,201819,1,23,0.3186291977,0.009520756377,2.98803639
691,4,201819,1,24,15.90382112,0.4982285825,3.132760226
692,4,201819,1,25,1.608413879,0.04276727823,2.65897222
693,4,201819,1,26,1.293250973,0.03797126112,2.936109224
694,4,201819,1,27,3.258182951,0.06553909886,2.011522982
695,4,201819,1,28,0.2809121612,0.005970418137,2.12536834
696,4,201819,1,29,0.4686025175,0.01404187973,2.99654381
697,4,201819,1,30,0.1995123584,0.0081719627,4.095968172
698,4,201819,1,31,7.112431255,0.1489916495,2.09480618
699,4,201819,1,32,4.786253602,0.1213416875,2.535212247
700,4,201819,1,33,0,0,-1
701,4,201819,1,34,2.014180469,0.08464321843,4.202365167
702,4,201819,1,35,1.652279169,0.06317425889,3.82346156
703,4,201819,1,36,0.3445896073,0.01186722579,3.443872228
704,4,201819,1,37,25.08308433,0.7586097193,3.024387708
705,4,201819,1,38,0.1188987729,0.003921175976,3.297911224
706,4,201819,1,39,1.025997698,0.03287080795,3.203789641
707,4,201819,1,40,0.2955826078,0.01097185812,3.711943068
708,4,201819,1,41,0.5670214303,0.01927116512,3.398666098
709,4,201819,1,42,141.7232602,4.094455547,2.889049786
710,4,201819,1,43,0.2209857298,0.006502636778,2.942559588
711,4,201819,1,44,3.219846164,0.09195606101,2.855914734
712,4,201819,1,45,0.6325421983,0.02119084596,3.350107868
713,4,201819,1,46,1.619349006,0.04923801685,3.040605618
714,4,201819,1,47,37.0474679,1.163376169,3.140231264
715,4,201819,2,1,6.134676269,1.066242563,17.38058401
716,4,201819,2,3,8.447936749,1.394221927,16.50369751
717,4,201819,2,4,2.93229232,0.4444759414,15.15796833
718,4,201819,2,5,3.339878911,0.6038413176,18.07973684
719,4,201819,2,6,1.534751165,0.2904517581,18.92500653
720,4,201819,2,7,15.73329649,2.36999412,15.06355722
721,4,201819,2,8,159.5195259,24.65762553,15.45743406
722,4,201819,2,9,0.6681275795,0.1031200285,15.43418228
723,4,201819,2,10,56.27082446,8.099017312,14.39292456
724,4,201819,2,11,0.8131460942,0.1397346684,17.18444808
725,4,201819,2,12,92.22899091,59.17832484,64.16455852
726,4,201819,2,13,176.1588669,64.78590034,36.77697381
727,4,201819,2,14,121.5887434,61.12743507,50.27392617
728,4,201819,2,15,0.1168040305,0.02701338565,23.12710061
729,4,201819,2,16,0.1238337337,0.02400109665,19.38171121
730,4,201819,2,19,2.706639885,0.463938975,17.14077213
731,4,201819,2,20,5.211626189,1.284283094,24.64265561
732,4,201819,2,21,0.3086411554,0.05934474465,19.22774834
733,4,201819,2,22,22.27933507,5.033005481,22.5904654
734,4,201819,2,23,0.2424803986,0.04110389393,16.95142955
735,4,201819,2,24,8.890394506,1.803836379,20.28972255
736,4,201819,2,25,1.282667734,0.2863781204,22.32675796
737,4,201819,2,26,1.074849045,0.2695298739,25.07606767
738,4,201819,2,27,3.502279051,0.6208286467,17.72641864
739,4,201819,2,28,0.2205143413,0.03741871322,16.96883432
740,4,201819,2,29,0.5897472811,0.1313322183,22.26923677
741,4,201819,2,30,0.1709720108,0.04509355241,26.3748155
742,4,201819,2,31,6.843036186,1.116567805,16.31684788
743,4,201819,2,32,5.005760591,1.012010405,20.21691583
744,4,201819,2,33,0,0,-1
745,4,201819,2,34,1.203159242,0.3085841399,25.64782194
746,4,201819,2,35,0.9921203906,0.2281891067,23.00014281
747,4,201819,2,36,0.211783909,0.04346372359,20.52267512
748,4,201819,2,37,16.55285994,2.846266547,17.19501378
749,4,201819,2,38,0.08257539272,0.01518027132,18.38352906
750,4,201819,2,39,0.6787015279,0.1272557016,18.74987699
751,4,201819,2,40,0.1631183409,0.03962684689,24.29331163
752,4,201819,2,41,0.6146948183,0.2599717995,42.29282431
753,4,201819,2,42,99.6036698,16.03587699,16.0996849
754,4,201819,2,43,0.1430835693,0.02413384588,16.86695824
755,4,201819,2,44,2.975236804,0.5094671815,17.12358427
756,4,201819,2,45,0.4554560445,0.08659369358,19.01252484
757,4,201819,2,46,0.9829720531,0.1857362087,18.89537024
758,4,201819,2,47,32.79388747,7.714777935,23.52504851
759,4,201819,3,1,8.605806782,1.242729578,14.44059353
760,4,201819,3,3,10.23002167,1.554107509,15.19163458
761,4,201819,3,4,2.935837227,0.4224903167,14.390795
762,4,201819,3,5,4.32073753,0.6923661915,16.02425944
763,4,201819,3,6,2.268401704,0.3396150599,14.97155726
764,4,201819,3,7,20.77884394,2.674289911,12.87025361
765,4,201819,3,8,204.4581639,28.77505489,14.07381067
766,4,201819,3,9,0.8568072139,0.1203811172,14.04996541
767,4,201819,3,10,62.983842,7.758730929,12.31860535
768,4,201819,3,11,1.13015729,0.1635162881,14.46845404
769,4,201819,3,12,36.52614482,6.702499529,18.34986846
770,4,201819,3,13,359.8866904,82.60997786,22.95444096
771,4,201819,3,14,96.50722308,20.41247442,21.15124005
772,4,201819,3,15,0.2046519272,0.03479177009,17.00046052
773,4,201819,3,16,0.1224511224,0.01776679958,14.50929908
774,4,201819,3,19,3.828350974,0.5413298251,14.14002605
775,4,201819,3,20,8.660711618,1.530156957,17.66779711
776,4,201819,3,21,0.2953059156,0.04220830032,14.29307646
777,4,201819,3,22,35.67027911,6.184115297,17.33688508
778,4,201819,3,23,0.2912722758,0.04262325318,14.63347415
779,4,201819,3,24,15.28444282,2.243246229,14.67666342
780,4,201819,3,25,1.301618006,0.1905226549,14.63737088
781,4,201819,3,26,1.049866508,0.1667873545,15.88652969
782,4,201819,3,27,2.266900824,0.2716908238,11.98512175
783,4,201819,3,28,0.2336594384,0.02393496709,10.24352676
784,4,201819,3,29,0.4010293527,0.09480425213,23.6402277
785,4,201819,3,30,0.2366265796,0.04389822775,18.55168925
786,4,201819,3,31,5.492549648,0.6686923035,12.17453362
787,4,201819,3,32,3.273515328,0.5269105339,16.09616822
788,4,201819,3,33,0,0,-1
789,4,201819,3,34,2.063674082,0.3907263961,18.93353216
790,4,201819,3,35,1.700717917,0.2902260254,17.06491256
791,4,201819,3,36,0.332288303,0.05455611069,16.41830609
792,4,201819,3,37,23.36769572,3.470737977,14.85271812
793,4,201819,3,38,0.1119358598,0.0178924819,15.98458432
794,4,201819,3,39,0.9449023289,0.1496713422,15.83987441
795,4,201819,3,40,0.2955688186,0.05032268429,17.0257081
796,4,201819,3,41,0.4860505806,0.08315701935,17.10871721
797,4,201819,3,42,128.2466346,18.5378186,14.45481877
798,4,201819,3,43,0.2156080888,0.02958783294,13.72296981
799,4,201819,3,44,2.814175781,0.409253796,14.54258113
800,4,201819,3,45,0.6111603148,0.09706829395,15.88262386
801,4,201819,3,46,1.613712826,0.2251768824,13.95396249
802,4,201819,3,47,32.68823903,5.109439708,15.63081971
803,4,201819,4,1,6.076791324,1.207891391,19.87712472
804,4,201819,4,3,7.354810788,1.494926015,20.32582561
805,4,201819,4,4,2.132669128,0.4088322522,19.16998033
806,4,201819,4,5,3.155265472,0.6690348158,21.20375676
807,4,201819,4,6,1.577415973,0.3296421301,20.89760314
808,4,201819,4,7,14.94448472,2.550624383,17.06732906
809,4,201819,4,8,146.562883,27.63951357,18.85846744
810,4,201819,4,9,0.6142970136,0.1156301129,18.82316051
811,4,201819,4,10,44.11071494,7.54890824,17.1135477
812,4,201819,4,11,0.6998135466,0.1530824099,21.8747423
813,4,201819,4,12,24.70647392,6.518457363,26.38360045
814,4,201819,4,13,212.5289761,78.08234251,36.73962203
815,4,201819,4,14,60.12795079,19.36392818,32.20453703
816,4,201819,4,15,0.1354087744,0.03277413432,24.20384829
817,4,201819,4,16,0.08106110012,0.0167089189,20.61274628
818,4,201819,4,19,2.703968925,0.5291259114,19.56849084
819,4,201819,4,20,5.318448573,1.44819666,27.2296825
820,4,201819,4,21,0.2469866578,0.06577248147,26.62997348
821,4,201819,4,22,23.54256468,5.901802859,25.0686488
822,4,201819,4,23,0.2020633179,0.04139327602,20.48529959
823,4,201819,4,24,10.85879766,2.164889362,19.93673177
824,4,201819,4,25,0.9657915444,0.155504423,16.10124089
825,4,201819,4,26,0.7505136753,0.1319123383,17.57627378
826,4,201819,4,27,1.723538763,0.2290383659,13.28884333
827,4,201819,4,28,0.1840422447,0.02846053917,15.46413391
828,4,201819,4,29,0.3143425388,0.07554717501,24.03339214
829,4,201819,4,30,0.1441891623,0.03780415351,26.21844312
830,4,201819,4,31,4.083835999,0.5509477841,13.49093804
831,4,201819,4,32,2.558182804,0.4008510276,15.66936604
832,4,201819,4,33,0,0,-1
833,4,201819,4,34,1.328212706,0.3700800173,27.86300836
834,4,201819,4,35,1.044507017,0.2741024228,26.24227682
835,4,201819,4,36,0.2226814292,0.05201261951,23.35741229
836,4,201819,4,37,15.96984694,3.313457198,20.74820886
837,4,201819,4,38,0.07651902384,0.01727968812,22.58221192
838,4,201819,4,39,0.6896978099,0.1469441472,21.30558414
839,4,201819,4,40,0.2044440883,0.0484037783,23.67580237
840,4,201819,4,41,0.3680519217,0.08489906578,23.06714373
841,4,201819,4,42,97.4698589,18.27900529,18.75349518
842,4,201819,4,43,0.1358555749,0.02788537747,20.52575133
843,4,201819,4,44,1.842335493,0.3945015377,21.41312151
844,4,201819,4,45,0.4231924413,0.09306795122,21.99187465
845,4,201819,4,46,1.139647034,0.2212336401,19.41247014
846,4,201819,4,47,21.43761177,4.880482541,22.76598062
847,4,201819,10,1,9.486166768,2.485366873,26.19990702
848,4,201819,10,3,11.7537066,3.124177294,26.58035802
849,4,201819,10,4,3.350681898,0.8435202548,25.17458477
850,4,201819,10,5,5.132688304,1.396659884,27.2110793
851,4,201819,10,6,2.474468249,0.6796408921,27.46613914
852,4,201819,10,7,22.30773764,5.271550621,23.63104097
853,4,201819,10,8,227.4240879,57.70071497,25.37141756
854,4,201819,10,9,0.9522880847,0.2413656252,25.34586215
855,4,201819,10,10,64.48410065,14.70309089,22.80111027
856,4,201819,10,11,1.179128647,0.3255229153,27.60707375
857,4,201819,10,12,44.40357885,13.58673592,30.59829021
858,4,201819,10,13,461.5056446,167.1933025,36.22779146
859,4,201819,10,14,121.3211371,41.28766887,34.03171933
860,4,201819,10,15,0.2328584711,0.06903135789,29.64519932
861,4,201819,10,16,0.1318549743,0.0347467753,26.35226732
862,4,201819,10,19,4.195282036,1.079893554,25.74066641
863,4,201819,10,20,9.3292788,3.027422652,32.45076835
864,4,201819,10,21,0.3324583041,0.08329706256,25.05489005
865,4,201819,10,22,41.15598202,12.40893417,30.15098549
866,4,201819,10,23,0.3305128517,0.08581149848,25.96313518
867,4,201819,10,24,16.56732795,4.485494791,27.07434056
868,4,201819,10,25,1.420892206,0.2609931384,18.36825745
869,4,201819,10,26,1.074481971,0.2022110854,18.81940236
870,4,201819,10,27,2.478153312,0.3817990961,15.40659709
871,4,201819,10,28,0.1991300285,0.03633188643,18.2453077
872,4,201819,10,29,0.3323257912,0.06229609282,18.74548845
873,4,201819,10,30,0.2323652337,0.06585135922,28.33959201
874,4,201819,10,31,5.740568867,0.9269690848,16.14768686
875,4,201819,10,32,3.35283469,0.5306556741,15.82707539
876,4,201819,10,33,0,0,-1
877,4,201819,10,34,2.418662158,0.7837058919,32.40245395
878,4,201819,10,35,1.858403245,0.5819073339,31.31222115
879,4,201819,10,36,0.3712189697,0.10917833,29.41076261
880,4,201819,10,37,25.64322163,6.942621496,27.07390513
881,4,201819,10,38,0.1249036265,0.03590769545,28.74832097
882,4,201819,10,39,1.09207209,0.3008346486,27.54714192
883,4,201819,10,40,0.3309259626,0.1007923742,30.45768106
884,4,201819,10,41,0.5859102033,0.1675510182,28.59670599
885,4,201819,10,42,148.2439705,37.28120859,25.1485497
886,4,201819,10,43,0.21854361,0.05845083944,26.74561815
887,4,201819,10,44,3.207089274,0.8362781397,26.07592331
888,4,201819,10,45,0.6931542383,0.1953694084,28.18556067
889,4,201819,10,46,1.649007788,0.4421363731,26.81226714
890,4,201819,10,47,39.03367756,10.84389893,27.78087951